Node Index, Amplitude of Voltage, Angle of Voltage
1,1.060000,0.000000
2,1.045000,-0.086934
3,1.010000,-0.221964
4,1.018627,-0.180180
5,1.020256,-0.153303
6,1.070000,-0.248459
7,1.061950,-0.233204
8,1.090000,-0.233204
9,1.056337,-0.260698
10,1.051325,-0.263520
11,1.057086,-0.258287
12,1.056867,-0.258742
13,1.050546,-0.263333
14,1.035845,-0.279300
